tag;genotype;run;day;Treatment;env_run;replicate;light;temperature;tank;FvFm
64-A;64;AL;CBASS;Control;Control_AL;A;600;27;1;0.519
P1R2-A;P1R2;AL;CBASS;Control;Control_AL;A;600;27;1;0.471
S-19-A;19;AL;CBASS;Shade;Shade_AL;A;600;27;1;0.366
S-P1R2-A;P1R2;AL;CBASS;Shade;Shade_AL;A;600;27;1;0.455
90-B;90;AL;CBASS;Control;Control_AL;B;600;27;1;0.539
S-64Y-A;64Y;AL;CBASS;Shade;Shade_AL;A;600;27;1;0.376
19-A;19;AL;CBASS;Control;Control_AL;A;600;27;1;0.48
S-64-A;64;AL;CBASS;Shade;Shade_AL;A;600;27;1;0.569
S-90-A;90;AL;CBASS;Shade;Shade_AL;A;600;27;1;0.454
19-C;19;AL;CBASS;Control;Control_AL;C;600;27;1;0.497
90-C;90;AL;CBASS;Control;Control_AL;C;600;27;1;0.52
S-P1R2-B;P1R2;AL;CBASS;Shade;Shade_AL;B;600;27;1;0.453
19-B;19;AL;CBASS;Control;Control_AL;B;600;27;1;0.573
64-C;64;AL;CBASS;Control;Control_AL;C;600;27;1;0.554
64Y-B;64Y;AL;CBASS;Control;Control_AL;B;600;27;1;0.548
64Y-C;64Y;AL;CBASS;Control;Control_AL;C;600;27;1;0.525
S-64Y-B;64Y;AL;CBASS;Shade;Shade_AL;B;600;27;1;0.168
S-90-B;90;AL;CBASS;Shade;Shade_AL;B;600;27;1;0.487
S-64-B;64;AL;CBASS;Shade;Shade_AL;B;600;27;1;0.537
90-A;90;AL;CBASS;Control;Control_AL;A;600;27;1;0.658
S-90-C;90;AL;CBASS;Shade;Shade_AL;C;600;27;1;0.519
64Y-A;64Y;AL;CBASS;Control;Control_AL;A;600;27;1;0.579
S-19-B;19;AL;CBASS;Shade;Shade_AL;B;600;27;1;0.468
P1R2-C;P1R2;AL;CBASS;Control;Control_AL;C;600;27;1;0.548
S-64Y-C;64Y;AL;CBASS;Shade;Shade_AL;C;600;27;1;0.555
P1R2-B;P1R2;AL;CBASS;Control;Control_AL;B;600;27;1;0.571
S-P1R2-C;P1R2;AL;CBASS;Shade;Shade_AL;C;600;27;1;0.595
64-B;64;AL;CBASS;Control;Control_AL;B;600;27;1;0.675
S-19-C;19;AL;CBASS;Shade;Shade_AL;C;600;27;1;0.517
S-64-C;64;AL;CBASS;Shade;Shade_AL;C;600;27;1;0.571
64Y-D;64Y;AL;CBASS;Control;Control_AL;D;600;30;2;0.495
S-P1R2-D;P1R2;AL;CBASS;Shade;Shade_AL;D;600;30;2;0.495
P1R2-D;P1R2;AL;CBASS;Control;Control_AL;D;600;30;2;0.414
64-D;64;AL;CBASS;Control;Control_AL;D;600;30;2;0.62
90-E;90;AL;CBASS;Control;Control_AL;E;600;30;2;0.571
S-90-D;90;AL;CBASS;Shade;Shade_AL;D;600;30;2;0.469
S-64Y-D;64Y;AL;CBASS;Shade;Shade_AL;D;600;30;2;0.334
S-19-D;19;AL;CBASS;Shade;Shade_AL;D;600;30;2;0.316
90-F;90;AL;CBASS;Control;Control_AL;F;600;30;2;0.519
S-64-D;64;AL;CBASS;Shade;Shade_AL;D;600;30;2;0.426
S-90-E;90;AL;CBASS;Shade;Shade_AL;E;600;30;2;0.52
19-F;19;AL;CBASS;Control;Control_AL;F;600;30;2;0.492
64-F;64;AL;CBASS;Control;Control_AL;F;600;30;2;0.613
19-E;19;AL;CBASS;Control;Control_AL;E;600;30;2;0.552
S-64Y-E;64Y;AL;CBASS;Shade;Shade_AL;E;600;30;2;0.424
S-19-E;19;AL;CBASS;Shade;Shade_AL;E;600;30;2;0.445
64-E;64;AL;CBASS;Control;Control_AL;E;600;30;2;0.575
S-P1R2-E;P1R2;AL;CBASS;Shade;Shade_AL;E;600;30;2;0.535
64Y-E;64Y;AL;CBASS;Control;Control_AL;E;600;30;2;0.525
S-64Y-F;64Y;AL;CBASS;Shade;Shade_AL;F;600;30;2;0.492
P1R2-F;P1R2;AL;CBASS;Control;Control_AL;F;600;30;2;0.602
S-64-E;64;AL;CBASS;Shade;Shade_AL;E;600;30;2;0.585
64Y-F;64Y;AL;CBASS;Control;Control_AL;F;600;30;2;0.605
90-D;90;AL;CBASS;Control;Control_AL;D;600;30;2;0.554
S-90-F;90;AL;CBASS;Shade;Shade_AL;F;600;30;2;0.576
P1R2-E;P1R2;AL;CBASS;Control;Control_AL;E;600;30;2;0.608
S-P1R2-F;P1R2;AL;CBASS;Shade;Shade_AL;F;600;30;2;0.571
19-D;19;AL;CBASS;Control;Control_AL;D;600;30;2;0.613
S-19-F;19;AL;CBASS;Shade;Shade_AL;F;600;30;2;0.58
S-64-F;64;AL;CBASS;Shade;Shade_AL;F;600;30;2;0.506
19-G;19;AL;CBASS;Control;Control_AL;G;600;33;3;0.502
S-64Y-G;64Y;AL;CBASS;Shade;Shade_AL;G;600;33;3;0.378
S-P1R2-G;P1R2;AL;CBASS;Shade;Shade_AL;G;600;33;3;0.358
90-H;90;AL;CBASS;Control;Control_AL;H;600;33;3;0.512
P1R2-G;P1R2;AL;CBASS;Control;Control_AL;G;600;33;3;0.397
S-90-G;90;AL;CBASS;Shade;Shade_AL;G;600;33;3;0.361
S-64-G;64;AL;CBASS;Shade;Shade_AL;G;600;33;3;0.262
S-64Y-H;64Y;AL;CBASS;Shade;Shade_AL;H;600;33;3;0.128
S-19-G;19;AL;CBASS;Shade;Shade_AL;G;600;33;3;0.324
S-P1R2-H;P1R2;AL;CBASS;Shade;Shade_AL;H;600;33;3;0.364
64-G;64;AL;CBASS;Control;Control_AL;G;600;33;3;0.505
64-I;64;AL;CBASS;Control;Control_AL;I;600;33;3;0.545
90-I;90;AL;CBASS;Control;Control_AL;I;600;33;3;0.479
64Y-H;64Y;AL;CBASS;Control;Control_AL;H;600;33;3;0.399
S-64-H;64;AL;CBASS;Shade;Shade_AL;H;600;33;3;0.42
19-I;19;AL;CBASS;Control;Control_AL;I;600;33;3;0.407
64Y-I;64Y;AL;CBASS;Control;Control_AL;I;600;33;3;0.553
S-90-H;90;AL;CBASS;Shade;Shade_AL;H;600;33;3;0.391
P1R2-I;P1R2;AL;CBASS;Control;Control_AL;I;600;33;3;0.483
64Y-G;64Y;AL;CBASS;Control;Control_AL;G;600;33;3;0.565
S-64Y-I;64Y;AL;CBASS;Shade;Shade_AL;I;600;33;3;0.364
S-P1R2-I;P1R2;AL;CBASS;Shade;Shade_AL;I;600;33;3;0.41
S-19-H;19;AL;CBASS;Shade;Shade_AL;H;600;33;3;0.46
S-64-I;64;AL;CBASS;Shade;Shade_AL;I;600;33;3;0.445
19-H;19;AL;CBASS;Control;Control_AL;H;600;33;3;0.529
S-90-I;90;AL;CBASS;Shade;Shade_AL;I;600;33;3;0.429
S-19-I;19;AL;CBASS;Shade;Shade_AL;I;600;33;3;0.017
90-G;90;AL;CBASS;Control;Control_AL;G;600;33;3;0.401
P1R2-H;P1R2;AL;CBASS;Control;Control_AL;H;600;33;3;0.515
64-H;64;AL;CBASS;Control;Control_AL;H;600;33;3;0.667
S-64-J;64;AL;CBASS;Shade;Shade_AL;J;600;36;4;0.098
19-J;19;AL;CBASS;Control;Control_AL;J;600;36;4;0.019
S-19-J;19;AL;CBASS;Shade;Shade_AL;J;600;36;4;0.031
S-P1R2-J;P1R2;AL;CBASS;Shade;Shade_AL;J;600;36;4;0.017
64-J;64;AL;CBASS;Control;Control_AL;J;600;36;4;0.028
S-64Y-J;64Y;AL;CBASS;Shade;Shade_AL;J;600;36;4;0.3
64Y-J;64Y;AL;CBASS;Control;Control_AL;J;600;36;4;0.227
S-P1R2-K;P1R2;AL;CBASS;Shade;Shade_AL;K;600;36;4;0.036
S-64-K;64;AL;CBASS;Shade;Shade_AL;K;600;36;4;0.062
S-19-K;19;AL;CBASS;Shade;Shade_AL;K;600;36;4;0.005
90-L;90;AL;CBASS;Control;Control_AL;L;600;36;4;0.011
S-64-L;64;AL;CBASS;Shade;Shade_AL;L;600;36;4;0.203
19-K;19;AL;CBASS;Control;Control_AL;K;600;36;4;0.131
S-64Y-K;64Y;AL;CBASS;Shade;Shade_AL;K;600;36;4;0.016
64Y-L;64Y;AL;CBASS;Control;Control_AL;L;600;36;4;0.188
90-J;90;AL;CBASS;Control;Control_AL;J;600;36;4;0.57
P1R2-L;P1R2;AL;CBASS;Control;Control_AL;L;600;36;4;0.62
64Y-K;64Y;AL;CBASS;Control;Control_AL;K;600;36;4;0.57
S-90-J;90;AL;CBASS;Shade;Shade_AL;J;600;36;4;0.034
64-L;64;AL;CBASS;Control;Control_AL;L;600;36;4;0.027
S-64Y-L;64Y;AL;CBASS;Shade;Shade_AL;L;600;36;4;0.091
S-P1R2-L;P1R2;AL;CBASS;Shade;Shade_AL;L;600;36;4;0.014
S-19-L;19;AL;CBASS;Shade;Shade_AL;L;600;36;4;0.017
P1R2-J;P1R2;AL;CBASS;Control;Control_AL;J;600;36;4;0.095
64-K;64;AL;CBASS;Control;Control_AL;K;600;36;4;0.042
19-L;19;AL;CBASS;Control;Control_AL;L;600;36;4;0.101
P1R2-K;P1R2;AL;CBASS;Control;Control_AL;K;600;36;4;0.217
S-90-K;90;AL;CBASS;Shade;Shade_AL;K;600;36;4;0.044
90-K;90;AL;CBASS;Control;Control_AL;K;600;36;4;0.019
S-90-L;90;AL;CBASS;Shade;Shade_AL;L;600;36;4;0.033
64-A;64;AL;Pre-CBASS;Control;Control_AL;A;600;24;0;0.54
P1R2-A;P1R2;AL;Pre-CBASS;Control;Control_AL;A;600;24;0;0.575
S-19-A;19;AL;Pre-CBASS;Shade;Shade_AL;A;600;24;0;0.652
S-P1R2-A;P1R2;AL;Pre-CBASS;Shade;Shade_AL;A;600;24;0;0.675
90-B;90;AL;Pre-CBASS;Control;Control_AL;B;600;24;0;0.725
S-64Y-A;64Y;AL;Pre-CBASS;Shade;Shade_AL;A;600;24;0;0.663
19-A;19;AL;Pre-CBASS;Control;Control_AL;A;600;24;0;0.677
S-64-A;64;AL;Pre-CBASS;Shade;Shade_AL;A;600;24;0;0.663
S-90-A;90;AL;Pre-CBASS;Shade;Shade_AL;A;600;24;0;0.697
19-C;19;AL;Pre-CBASS;Control;Control_AL;C;600;24;0;0.557
90-C;90;AL;Pre-CBASS;Control;Control_AL;C;600;24;0;0.622
S-P1R2-B;P1R2;AL;Pre-CBASS;Shade;Shade_AL;B;600;24;0;0.666
19-B;19;AL;Pre-CBASS;Control;Control_AL;B;600;24;0;0.551
64-C;64;AL;Pre-CBASS;Control;Control_AL;C;600;24;0;0.784
64Y-B;64Y;AL;Pre-CBASS;Control;Control_AL;B;600;24;0;0.6
64Y-C;64Y;AL;Pre-CBASS;Control;Control_AL;C;600;24;0;0.641
S-64Y-B;64Y;AL;Pre-CBASS;Shade;Shade_AL;B;600;24;0;0.677
S-90-B;90;AL;Pre-CBASS;Shade;Shade_AL;B;600;24;0;0.652
S-64-B;64;AL;Pre-CBASS;Shade;Shade_AL;B;600;24;0;0.658
90-A;90;AL;Pre-CBASS;Control;Control_AL;A;600;24;0;0.514
S-90-C;90;AL;Pre-CBASS;Shade;Shade_AL;C;600;24;0;0.674
64Y-A;64Y;AL;Pre-CBASS;Control;Control_AL;A;600;24;0;0.643
S-19-B;19;AL;Pre-CBASS;Shade;Shade_AL;B;600;24;0;0.682
P1R2-C;P1R2;AL;Pre-CBASS;Control;Control_AL;C;600;24;0;0.675
S-64Y-C;64Y;AL;Pre-CBASS;Shade;Shade_AL;C;600;24;0;0.686
P1R2-B;P1R2;AL;Pre-CBASS;Control;Control_AL;B;600;24;0;0.708
S-P1R2-C;P1R2;AL;Pre-CBASS;Shade;Shade_AL;C;600;24;0;0.667
64-B;64;AL;Pre-CBASS;Control;Control_AL;B;600;24;0;0.533
S-19-C;19;AL;Pre-CBASS;Shade;Shade_AL;C;600;24;0;0.679
S-64-C;64;AL;Pre-CBASS;Shade;Shade_AL;C;600;24;0;0.656
64Y-D;64Y;AL;Pre-CBASS;Control;Control_AL;D;600;24;0;0.675
S-P1R2-D;P1R2;AL;Pre-CBASS;Shade;Shade_AL;D;600;24;0;0.671
P1R2-D;P1R2;AL;Pre-CBASS;Control;Control_AL;D;600;24;0;0.643
64-D;64;AL;Pre-CBASS;Control;Control_AL;D;600;24;0;0.67
90-E;90;AL;Pre-CBASS;Control;Control_AL;E;600;24;0;0.519
S-90-D;90;AL;Pre-CBASS;Shade;Shade_AL;D;600;24;0;0.666
S-64Y-D;64Y;AL;Pre-CBASS;Shade;Shade_AL;D;600;24;0;0.68
S-19-D;19;AL;Pre-CBASS;Shade;Shade_AL;D;600;24;0;0.685
90-F;90;AL;Pre-CBASS;Control;Control_AL;F;600;24;0;0.638
S-64-D;64;AL;Pre-CBASS;Shade;Shade_AL;D;600;24;0;0.695
S-90-E;90;AL;Pre-CBASS;Shade;Shade_AL;E;600;24;0;0.693
19-F;19;AL;Pre-CBASS;Control;Control_AL;F;600;24;0;0.562
64-F;64;AL;Pre-CBASS;Control;Control_AL;F;600;24;0;0.668
19-E;19;AL;Pre-CBASS;Control;Control_AL;E;600;24;0;0.678
S-64Y-E;64Y;AL;Pre-CBASS;Shade;Shade_AL;E;600;24;0;0.67
S-19-E;19;AL;Pre-CBASS;Shade;Shade_AL;E;600;24;0;0.665
64-E;64;AL;Pre-CBASS;Control;Control_AL;E;600;24;0;0.569
S-P1R2-E;P1R2;AL;Pre-CBASS;Shade;Shade_AL;E;600;24;0;0.682
64Y-E;64Y;AL;Pre-CBASS;Control;Control_AL;E;600;24;0;0.689
S-64Y-F;64Y;AL;Pre-CBASS;Shade;Shade_AL;F;600;24;0;0.682
P1R2-F;P1R2;AL;Pre-CBASS;Control;Control_AL;F;600;24;0;0.611
S-64-E;64;AL;Pre-CBASS;Shade;Shade_AL;E;600;24;0;0.673
64Y-F;64Y;AL;Pre-CBASS;Control;Control_AL;F;600;24;0;0.667
90-D;90;AL;Pre-CBASS;Control;Control_AL;D;600;24;0;0.537
S-90-F;90;AL;Pre-CBASS;Shade;Shade_AL;F;600;24;0;0.681
P1R2-E;P1R2;AL;Pre-CBASS;Control;Control_AL;E;600;24;0;0.638
S-P1R2-F;P1R2;AL;Pre-CBASS;Shade;Shade_AL;F;600;24;0;0.663
19-D;19;AL;Pre-CBASS;Control;Control_AL;D;600;24;0;0.691
S-19-F;19;AL;Pre-CBASS;Shade;Shade_AL;F;600;24;0;0.666
S-64-F;64;AL;Pre-CBASS;Shade;Shade_AL;F;600;24;0;0.657
19-G;19;AL;Pre-CBASS;Control;Control_AL;G;600;24;0;0.664
S-64Y-G;64Y;AL;Pre-CBASS;Shade;Shade_AL;G;600;24;0;0.695
S-P1R2-G;P1R2;AL;Pre-CBASS;Shade;Shade_AL;G;600;24;0;0.665
90-H;90;AL;Pre-CBASS;Control;Control_AL;H;600;24;0;0.661
P1R2-G;P1R2;AL;Pre-CBASS;Control;Control_AL;G;600;24;0;0.689
S-90-G;90;AL;Pre-CBASS;Shade;Shade_AL;G;600;24;0;0.663
S-64-G;64;AL;Pre-CBASS;Shade;Shade_AL;G;600;24;0;0.7
S-64Y-H;64Y;AL;Pre-CBASS;Shade;Shade_AL;H;600;24;0;0.687
S-19-G;19;AL;Pre-CBASS;Shade;Shade_AL;G;600;24;0;0.676
S-P1R2-H;P1R2;AL;Pre-CBASS;Shade;Shade_AL;H;600;24;0;0.662
64-G;64;AL;Pre-CBASS;Control;Control_AL;G;600;24;0;0.635
64-I;64;AL;Pre-CBASS;Control;Control_AL;I;600;24;0;0.58
90-I;90;AL;Pre-CBASS;Control;Control_AL;I;600;24;0;0.684
64Y-H;64Y;AL;Pre-CBASS;Control;Control_AL;H;600;24;0;0.679
S-64-H;64;AL;Pre-CBASS;Shade;Shade_AL;H;600;24;0;0.685
19-I;19;AL;Pre-CBASS;Control;Control_AL;I;600;24;0;0.569
64Y-I;64Y;AL;Pre-CBASS;Control;Control_AL;I;600;24;0;0.654
S-90-H;90;AL;Pre-CBASS;Shade;Shade_AL;H;600;24;0;0.689
P1R2-I;P1R2;AL;Pre-CBASS;Control;Control_AL;I;600;24;0;0.689
64Y-G;64Y;AL;Pre-CBASS;Control;Control_AL;G;600;24;0;0.614
S-64Y-I;64Y;AL;Pre-CBASS;Shade;Shade_AL;I;600;24;0;0.688
S-P1R2-I;P1R2;AL;Pre-CBASS;Shade;Shade_AL;I;600;24;0;0.696
S-19-H;19;AL;Pre-CBASS;Shade;Shade_AL;H;600;24;0;0.679
S-64-I;64;AL;Pre-CBASS;Shade;Shade_AL;I;600;24;0;0.698
19-H;19;AL;Pre-CBASS;Control;Control_AL;H;600;24;0;0.639
S-90-I;90;AL;Pre-CBASS;Shade;Shade_AL;I;600;24;0;0.703
S-19-I;19;AL;Pre-CBASS;Shade;Shade_AL;I;600;24;0;0.683
90-G;90;AL;Pre-CBASS;Control;Control_AL;G;600;24;0;0.67
P1R2-H;P1R2;AL;Pre-CBASS;Control;Control_AL;H;600;24;0;0.678
64-H;64;AL;Pre-CBASS;Control;Control_AL;H;600;24;0;0.517
S-64-J;64;AL;Pre-CBASS;Shade;Shade_AL;J;600;24;0;0.653
19-J;19;AL;Pre-CBASS;Control;Control_AL;J;600;24;0;0.586
S-19-J;19;AL;Pre-CBASS;Shade;Shade_AL;J;600;24;0;0.667
S-P1R2-J;P1R2;AL;Pre-CBASS;Shade;Shade_AL;J;600;24;0;0.675
64-J;64;AL;Pre-CBASS;Control;Control_AL;J;600;24;0;0.54
S-64Y-J;64Y;AL;Pre-CBASS;Shade;Shade_AL;J;600;24;0;0.677
64Y-J;64Y;AL;Pre-CBASS;Control;Control_AL;J;600;24;0;0.628
S-P1R2-K;P1R2;AL;Pre-CBASS;Shade;Shade_AL;K;600;24;0;0.69
S-64-K;64;AL;Pre-CBASS;Shade;Shade_AL;K;600;24;0;0.685
S-19-K;19;AL;Pre-CBASS;Shade;Shade_AL;K;600;24;0;0.674
90-L;90;AL;Pre-CBASS;Control;Control_AL;L;600;24;0;0.689
S-64-L;64;AL;Pre-CBASS;Shade;Shade_AL;L;600;24;0;0.656
19-K;19;AL;Pre-CBASS;Control;Control_AL;K;600;24;0;0.546
S-64Y-K;64Y;AL;Pre-CBASS;Shade;Shade_AL;K;600;24;0;0.683
64Y-L;64Y;AL;Pre-CBASS;Control;Control_AL;L;600;24;0;0.687
90-J;90;AL;Pre-CBASS;Control;Control_AL;J;600;24;0;0.639
P1R2-L;P1R2;AL;Pre-CBASS;Control;Control_AL;L;600;24;0;0.654
64Y-K;64Y;AL;Pre-CBASS;Control;Control_AL;K;600;24;0;0.676
S-90-J;90;AL;Pre-CBASS;Shade;Shade_AL;J;600;24;0;0.692
64-L;64;AL;Pre-CBASS;Control;Control_AL;L;600;24;0;0.613
S-64Y-L;64Y;AL;Pre-CBASS;Shade;Shade_AL;L;600;24;0;0.705
S-P1R2-L;P1R2;AL;Pre-CBASS;Shade;Shade_AL;L;600;24;0;0.611
S-19-L;19;AL;Pre-CBASS;Shade;Shade_AL;L;600;24;0;0.683
P1R2-J;P1R2;AL;Pre-CBASS;Control;Control_AL;J;600;24;0;0.671
64-K;64;AL;Pre-CBASS;Control;Control_AL;K;600;24;0;0.663
19-L;19;AL;Pre-CBASS;Control;Control_AL;L;600;24;0;0.657
P1R2-K;P1R2;AL;Pre-CBASS;Control;Control_AL;K;600;24;0;0.586
S-90-K;90;AL;Pre-CBASS;Shade;Shade_AL;K;600;24;0;0.681
90-K;90;AL;Pre-CBASS;Control;Control_AL;K;600;24;0;0.628
S-90-L;90;AL;Pre-CBASS;Shade;Shade_AL;L;600;24;0;0.682
S-P1R2-B;P1R2;LL;CBASS;Shade;Shade_LL;B;70;27;1;0.651
90-C;90;LL;CBASS;Control;Control_LL;C;70;27;1;0.661
S-90-B;90;LL;CBASS;Shade;Shade_LL;B;70;27;1;0.645
19-B;19;LL;CBASS;Control;Control_LL;B;70;27;1;0.567
S-64-C;64;LL;CBASS;Shade;Shade_LL;C;70;27;1;0.63
S-64-A;64;LL;CBASS;Shade;Shade_LL;A;70;27;1;0.65
19-A;19;LL;CBASS;Control;Control_LL;A;70;27;1;0.631
S-64-B;64;LL;CBASS;Shade;Shade_LL;B;70;27;1;0.647
64Y-B;64Y;LL;CBASS;Control;Control_LL;B;70;27;1;0.663
64Y-C;64Y;LL;CBASS;Control;Control_LL;C;70;27;1;0.635
S-64Y-A;64Y;LL;CBASS;Shade;Shade_LL;A;70;27;1;0.658
64-C;64;LL;CBASS;Control;Control_LL;C;70;27;1;0.644
S-90-C;90;LL;CBASS;Shade;Shade_LL;C;70;27;1;0.627
S-19-B;19;LL;CBASS;Shade;Shade_LL;B;70;27;1;0.656
S-64Y-C;64Y;LL;CBASS;Shade;Shade_LL;C;70;27;1;0.663
S-19-A;19;LL;CBASS;Shade;Shade_LL;A;70;27;1;0.656
P1R2-B;P1R2;LL;CBASS;Control;Control_LL;B;70;27;1;0.677
64-B;64;LL;CBASS;Control;Control_LL;B;70;27;1;0.56
90-A;90;LL;CBASS;Control;Control_LL;A;70;27;1;0.645
S-P1R2-A;P1R2;LL;CBASS;Shade;Shade_LL;A;70;27;1;0.659
64Y-A;64Y;LL;CBASS;Control;Control_LL;A;70;27;1;0.642
90-B;90;LL;CBASS;Control;Control_LL;B;70;27;1;0.629
64-A;64;LL;CBASS;Control;Control_LL;A;70;27;1;0.655
19-C;19;LL;CBASS;Control;Control_LL;C;70;27;1;0.663
S-64Y-B;64Y;LL;CBASS;Shade;Shade_LL;B;70;27;1;0.633
P1R2-A;P1R2;LL;CBASS;Control;Control_LL;A;70;27;1;0.672
S-P1R2-C;P1R2;LL;CBASS;Shade;Shade_LL;C;70;27;1;0.656
P1R2-C;P1R2;LL;CBASS;Control;Control_LL;C;70;27;1;0.65
S-19-C;19;LL;CBASS;Shade;Shade_LL;C;70;27;1;0.659
S-90-A;90;LL;CBASS;Shade;Shade_LL;A;70;27;1;0.663
90-D;90;LL;CBASS;Control;Control_LL;D;70;30;2;0.647
S-90-E;90;LL;CBASS;Shade;Shade_LL;E;70;30;2;0.618
19-E;19;LL;CBASS;Control;Control_LL;E;70;30;2;0.612
S-64Y-E;64Y;LL;CBASS;Shade;Shade_LL;E;70;30;2;0.64
S-64-F;64;LL;CBASS;Shade;Shade_LL;F;70;30;2;0.641
S-90-F;90;LL;CBASS;Shade;Shade_LL;F;70;30;2;0.584
64-F;64;LL;CBASS;Control;Control_LL;F;70;30;2;0.621
S-64Y-D;64Y;LL;CBASS;Shade;Shade_LL;D;70;30;2;0.657
64Y-E;64Y;LL;CBASS;Control;Control_LL;E;70;30;2;0.667
S-90-D;90;LL;CBASS;Shade;Shade_LL;D;70;30;2;0.653
S-P1R2-F;P1R2;LL;CBASS;Shade;Shade_LL;F;70;30;2;0.659
P1R2-E;P1R2;LL;CBASS;Control;Control_LL;E;70;30;2;0.638
S-19-E;19;LL;CBASS;Shade;Shade_LL;E;70;30;2;0.654
64Y-D;64Y;LL;CBASS;Control;Control_LL;D;70;30;2;0.6
64-D;64;LL;CBASS;Control;Control_LL;D;70;30;2;0.656
19-F;19;LL;CBASS;Control;Control_LL;F;70;30;2;0.556
S-19-D;19;LL;CBASS;Shade;Shade_LL;D;70;30;2;0.658
90-F;90;LL;CBASS;Control;Control_LL;F;70;30;2;0.512
S-P1R2-E;P1R2;LL;CBASS;Shade;Shade_LL;E;70;30;2;0.664
64-E;64;LL;CBASS;Control;Control_LL;E;70;30;2;0.644
S-P1R2-D;P1R2;LL;CBASS;Shade;Shade_LL;D;70;30;2;0.669
90-E;90;LL;CBASS;Control;Control_LL;E;70;30;2;0.607
S-64-E;64;LL;CBASS;Shade;Shade_LL;E;70;30;2;0.657
19-D;19;LL;CBASS;Control;Control_LL;D;70;30;2;0.668
P1R2-D;P1R2;LL;CBASS;Control;Control_LL;D;70;30;2;0.571
S-64Y-F;64Y;LL;CBASS;Shade;Shade_LL;F;70;30;2;0.643
S-64-D;64;LL;CBASS;Shade;Shade_LL;D;70;30;2;0.68
S-19-F;19;LL;CBASS;Shade;Shade_LL;F;70;30;2;0.658
P1R2-F;P1R2;LL;CBASS;Control;Control_LL;F;70;30;2;0.662
64Y-F;64Y;LL;CBASS;Control;Control_LL;F;70;30;2;0.562
S-64-G;64;LL;CBASS;Shade;Shade_LL;G;70;33;3;0.628
P1R2-I;P1R2;LL;CBASS;Control;Control_LL;I;70;33;3;0.578
90-G;90;LL;CBASS;Control;Control_LL;G;70;33;3;0.544
64Y-I;64Y;LL;CBASS;Control;Control_LL;I;70;33;3;0.645
S-90-H;90;LL;CBASS;Shade;Shade_LL;H;70;33;3;0.645
S-P1R2-G;P1R2;LL;CBASS;Shade;Shade_LL;G;70;33;3;0.586
19-G;19;LL;CBASS;Control;Control_LL;G;70;33;3;0.586
19-H;19;LL;CBASS;Control;Control_LL;H;70;33;3;0.573
S-64-I;64;LL;CBASS;Shade;Shade_LL;I;70;33;3;0.652
S-64Y-H;64Y;LL;CBASS;Shade;Shade_LL;H;70;33;3;0.624
S-19-H;19;LL;CBASS;Shade;Shade_LL;H;70;33;3;0.642
S-64-H;64;LL;CBASS;Shade;Shade_LL;H;70;33;3;0.633
90-H;90;LL;CBASS;Control;Control_LL;H;70;33;3;0.531
S-64Y-I;64Y;LL;CBASS;Shade;Shade_LL;I;70;33;3;0.62
19-I;19;LL;CBASS;Control;Control_LL;I;70;33;3;0.524
S-19-G;19;LL;CBASS;Shade;Shade_LL;G;70;33;3;0.66
64Y-H;64Y;LL;CBASS;Control;Control_LL;H;70;33;3;0.666
64-I;64;LL;CBASS;Control;Control_LL;I;70;33;3;0.635
64Y-G;64Y;LL;CBASS;Control;Control_LL;G;70;33;3;0.614
S-90-I;90;LL;CBASS;Shade;Shade_LL;I;70;33;3;0.66
90-I;90;LL;CBASS;Control;Control_LL;I;70;33;3;0.654
S-90-G;90;LL;CBASS;Shade;Shade_LL;G;70;33;3;0.666
64-G;64;LL;CBASS;Control;Control_LL;G;70;33;3;0.622
S-P1R2-H;P1R2;LL;CBASS;Shade;Shade_LL;H;70;33;3;0.624
P1R2-H;P1R2;LL;CBASS;Control;Control_LL;H;70;33;3;0.631
S-64Y-G;64Y;LL;CBASS;Shade;Shade_LL;G;70;33;3;0.621
S-P1R2-I;P1R2;LL;CBASS;Shade;Shade_LL;I;70;33;3;0.66
64-H;64;LL;CBASS;Control;Control_LL;H;70;33;3;0.653
S-19-I;19;LL;CBASS;Shade;Shade_LL;I;70;33;3;0.571
P1R2-G;P1R2;LL;CBASS;Control;Control_LL;G;70;33;3;0.678
90-J;90;LL;CBASS;Control;Control_LL;J;70;36;4;0.381
S-90-L;90;LL;CBASS;Shade;Shade_LL;L;70;36;4;0.342
64-L;64;LL;CBASS;Control;Control_LL;L;70;36;4;0.265
90-L;90;LL;CBASS;Control;Control_LL;L;70;36;4;0.402
S-P1R2-L;P1R2;LL;CBASS;Shade;Shade_LL;L;70;36;4;0.255
S-64Y-K;64Y;LL;CBASS;Shade;Shade_LL;K;70;36;4;0.19
S-64-L;64;LL;CBASS;Shade;Shade_LL;L;70;36;4;0.358
S-64Y-J;64Y;LL;CBASS;Shade;Shade_LL;J;70;36;4;0.283
S-64-J;64;LL;CBASS;Shade;Shade_LL;J;70;36;4;0.339
19-J;19;LL;CBASS;Control;Control_LL;J;70;36;4;0.387
S-90-J;90;LL;CBASS;Shade;Shade_LL;J;70;36;4;0.271
S-64-K;64;LL;CBASS;Shade;Shade_LL;K;70;36;4;0.431
S-90-K;90;LL;CBASS;Shade;Shade_LL;K;70;36;4;0.155
P1R2-K;P1R2;LL;CBASS;Control;Control_LL;K;70;36;4;0.322
S-P1R2-K;P1R2;LL;CBASS;Shade;Shade_LL;K;70;36;4;0.3
64Y-J;64Y;LL;CBASS;Control;Control_LL;J;70;36;4;0.328
64Y-K;64Y;LL;CBASS;Control;Control_LL;K;70;36;4;0.434
90-K;90;LL;CBASS;Control;Control_LL;K;70;36;4;0.129
P1R2-J;P1R2;LL;CBASS;Control;Control_LL;J;70;36;4;0.151
S-P1R2-J;P1R2;LL;CBASS;Shade;Shade_LL;J;70;36;4;0.247
64Y-L;64Y;LL;CBASS;Control;Control_LL;L;70;36;4;0.422
S-19-J;19;LL;CBASS;Shade;Shade_LL;J;70;36;4;0.319
P1R2-L;P1R2;LL;CBASS;Control;Control_LL;L;70;36;4;0.221
64-J;64;LL;CBASS;Control;Control_LL;J;70;36;4;0.232
64-K;64;LL;CBASS;Control;Control_LL;K;70;36;4;0.157
S-64Y-L;64Y;LL;CBASS;Shade;Shade_LL;L;70;36;4;0.197
S-19-K;19;LL;CBASS;Shade;Shade_LL;K;70;36;4;0.228
19-K;19;LL;CBASS;Control;Control_LL;K;70;36;4;0.244
19-L;19;LL;CBASS;Control;Control_LL;L;70;36;4;0.215
S-19-L;19;LL;CBASS;Shade;Shade_LL;L;70;36;4;0.1
S-P1R2-B;P1R2;LL;Pre-CBASS;Shade;Shade_LL;B;70;24;0;0.635
90-C;90;LL;Pre-CBASS;Control;Control_LL;C;70;24;0;0.67
S-90-B;90;LL;Pre-CBASS;Shade;Shade_LL;B;70;24;0;0.694
19-B;19;LL;Pre-CBASS;Control;Control_LL;B;70;24;0;0.517
S-64-C;64;LL;Pre-CBASS;Shade;Shade_LL;C;70;24;0;0.669
S-64-A;64;LL;Pre-CBASS;Shade;Shade_LL;A;70;24;0;0.639
19-A;19;LL;Pre-CBASS;Control;Control_LL;A;70;24;0;0.644
S-64-B;64;LL;Pre-CBASS;Shade;Shade_LL;B;70;24;0;0.639
64Y-B;64Y;LL;Pre-CBASS;Control;Control_LL;B;70;24;0;0.674
64Y-C;64Y;LL;Pre-CBASS;Control;Control_LL;C;70;24;0;0.664
S-64Y-A;64Y;LL;Pre-CBASS;Shade;Shade_LL;A;70;24;0;0.667
64-C;64;LL;Pre-CBASS;Control;Control_LL;C;70;24;0;0.689
S-90-C;90;LL;Pre-CBASS;Shade;Shade_LL;C;70;24;0;0.672
S-19-B;19;LL;Pre-CBASS;Shade;Shade_LL;B;70;24;0;0.677
S-64Y-C;64Y;LL;Pre-CBASS;Shade;Shade_LL;C;70;24;0;0.678
S-19-A;19;LL;Pre-CBASS;Shade;Shade_LL;A;70;24;0;0.687
P1R2-B;P1R2;LL;Pre-CBASS;Control;Control_LL;B;70;24;0;0.687
64-B;64;LL;Pre-CBASS;Control;Control_LL;B;70;24;0;0.524
90-A;90;LL;Pre-CBASS;Control;Control_LL;A;70;24;0;0.673
S-P1R2-A;P1R2;LL;Pre-CBASS;Shade;Shade_LL;A;70;24;0;0.689
64Y-A;64Y;LL;Pre-CBASS;Control;Control_LL;A;70;24;0;0.631
90-B;90;LL;Pre-CBASS;Control;Control_LL;B;70;24;0;0.686
64-A;64;LL;Pre-CBASS;Control;Control_LL;A;70;24;0;0.663
19-C;19;LL;Pre-CBASS;Control;Control_LL;C;70;24;0;0.667
S-64Y-B;64Y;LL;Pre-CBASS;Shade;Shade_LL;B;70;24;0;0.637
P1R2-A;P1R2;LL;Pre-CBASS;Control;Control_LL;A;70;24;0;0.569
S-P1R2-C;P1R2;LL;Pre-CBASS;Shade;Shade_LL;C;70;24;0;0.682
P1R2-C;P1R2;LL;Pre-CBASS;Control;Control_LL;C;70;24;0;0.678
S-19-C;19;LL;Pre-CBASS;Shade;Shade_LL;C;70;24;0;0.682
S-90-A;90;LL;Pre-CBASS;Shade;Shade_LL;A;70;24;0;0.629
90-D;90;LL;Pre-CBASS;Control;Control_LL;D;70;24;0;0.717
S-90-E;90;LL;Pre-CBASS;Shade;Shade_LL;E;70;24;0;0.663
19-E;19;LL;Pre-CBASS;Control;Control_LL;E;70;24;0;0.686
S-64Y-E;64Y;LL;Pre-CBASS;Shade;Shade_LL;E;70;24;0;0.627
S-64-F;64;LL;Pre-CBASS;Shade;Shade_LL;F;70;24;0;0.649
S-90-F;90;LL;Pre-CBASS;Shade;Shade_LL;F;70;24;0;0.644
64-F;64;LL;Pre-CBASS;Control;Control_LL;F;70;24;0;0.667
S-64Y-D;64Y;LL;Pre-CBASS;Shade;Shade_LL;D;70;24;0;0.667
64Y-E;64Y;LL;Pre-CBASS;Control;Control_LL;E;70;24;0;0.687
S-90-D;90;LL;Pre-CBASS;Shade;Shade_LL;D;70;24;0;0.674
S-P1R2-F;P1R2;LL;Pre-CBASS;Shade;Shade_LL;F;70;24;0;0.677
P1R2-E;P1R2;LL;Pre-CBASS;Control;Control_LL;E;70;24;0;0.607
S-19-E;19;LL;Pre-CBASS;Shade;Shade_LL;E;70;24;0;0.67
64Y-D;64Y;LL;Pre-CBASS;Control;Control_LL;D;70;24;0;0.557
64-D;64;LL;Pre-CBASS;Control;Control_LL;D;70;24;0;0.689
19-F;19;LL;Pre-CBASS;Control;Control_LL;F;70;24;0;0.534
S-19-D;19;LL;Pre-CBASS;Shade;Shade_LL;D;70;24;0;0.675
90-F;90;LL;Pre-CBASS;Control;Control_LL;F;70;24;0;0.488
S-P1R2-E;P1R2;LL;Pre-CBASS;Shade;Shade_LL;E;70;24;0;0.685
64-E;64;LL;Pre-CBASS;Control;Control_LL;E;70;24;0;0.672
S-P1R2-D;P1R2;LL;Pre-CBASS;Shade;Shade_LL;D;70;24;0;0.693
90-E;90;LL;Pre-CBASS;Control;Control_LL;E;70;24;0;0.59
S-64-E;64;LL;Pre-CBASS;Shade;Shade_LL;E;70;24;0;0.653
19-D;19;LL;Pre-CBASS;Control;Control_LL;D;70;24;0;0.697
P1R2-D;P1R2;LL;Pre-CBASS;Control;Control_LL;D;70;24;0;0.536
S-64Y-F;64Y;LL;Pre-CBASS;Shade;Shade_LL;F;70;24;0;0.653
S-64-D;64;LL;Pre-CBASS;Shade;Shade_LL;D;70;24;0;0.673
S-19-F;19;LL;Pre-CBASS;Shade;Shade_LL;F;70;24;0;0.682
P1R2-F;P1R2;LL;Pre-CBASS;Control;Control_LL;F;70;24;0;0.689
64Y-F;64Y;LL;Pre-CBASS;Control;Control_LL;F;70;24;0;0.603
S-64-G;64;LL;Pre-CBASS;Shade;Shade_LL;G;70;24;0;0.642
P1R2-I;P1R2;LL;Pre-CBASS;Control;Control_LL;I;70;24;0;0.552
90-G;90;LL;Pre-CBASS;Control;Control_LL;G;70;24;0;0.557
64Y-I;64Y;LL;Pre-CBASS;Control;Control_LL;I;70;24;0;0.677
S-90-H;90;LL;Pre-CBASS;Shade;Shade_LL;H;70;24;0;0.718
S-P1R2-G;P1R2;LL;Pre-CBASS;Shade;Shade_LL;G;70;24;0;0.661
19-G;19;LL;Pre-CBASS;Control;Control_LL;G;70;24;0;0.563
19-H;19;LL;Pre-CBASS;Control;Control_LL;H;70;24;0;0.671
S-64-I;64;LL;Pre-CBASS;Shade;Shade_LL;I;70;24;0;0.649
S-64Y-H;64Y;LL;Pre-CBASS;Shade;Shade_LL;H;70;24;0;0.678
S-19-H;19;LL;Pre-CBASS;Shade;Shade_LL;H;70;24;0;0.663
S-64-H;64;LL;Pre-CBASS;Shade;Shade_LL;H;70;24;0;0.764
90-H;90;LL;Pre-CBASS;Control;Control_LL;H;70;24;0;0.652
S-64Y-I;64Y;LL;Pre-CBASS;Shade;Shade_LL;I;70;24;0;0.699
19-I;19;LL;Pre-CBASS;Control;Control_LL;I;70;24;0;0.477
S-19-G;19;LL;Pre-CBASS;Shade;Shade_LL;G;70;24;0;0.676
64Y-H;64Y;LL;Pre-CBASS;Control;Control_LL;H;70;24;0;0.698
64-I;64;LL;Pre-CBASS;Control;Control_LL;I;70;24;0;0.649
64Y-G;64Y;LL;Pre-CBASS;Control;Control_LL;G;70;24;0;0.689
S-90-I;90;LL;Pre-CBASS;Shade;Shade_LL;I;70;24;0;0.663
90-I;90;LL;Pre-CBASS;Control;Control_LL;I;70;24;0;0.684
S-90-G;90;LL;Pre-CBASS;Shade;Shade_LL;G;70;24;0;0.684
64-G;64;LL;Pre-CBASS;Control;Control_LL;G;70;24;0;0.692
S-P1R2-H;P1R2;LL;Pre-CBASS;Shade;Shade_LL;H;70;24;0;0.657
P1R2-H;P1R2;LL;Pre-CBASS;Control;Control_LL;H;70;24;0;0.625
S-64Y-G;64Y;LL;Pre-CBASS;Shade;Shade_LL;G;70;24;0;0.671
S-P1R2-I;P1R2;LL;Pre-CBASS;Shade;Shade_LL;I;70;24;0;0.698
64-H;64;LL;Pre-CBASS;Control;Control_LL;H;70;24;0;0.684
S-19-I;19;LL;Pre-CBASS;Shade;Shade_LL;I;70;24;0;0.677
P1R2-G;P1R2;LL;Pre-CBASS;Control;Control_LL;G;70;24;0;0.708
90-J;90;LL;Pre-CBASS;Control;Control_LL;J;70;24;0;0.69
S-90-L;90;LL;Pre-CBASS;Shade;Shade_LL;L;70;24;0;0.666
64-L;64;LL;Pre-CBASS;Control;Control_LL;L;70;24;0;0.666
90-L;90;LL;Pre-CBASS;Control;Control_LL;L;70;24;0;0.647
S-P1R2-L;P1R2;LL;Pre-CBASS;Shade;Shade_LL;L;70;24;0;0.694
S-64Y-K;64Y;LL;Pre-CBASS;Shade;Shade_LL;K;70;24;0;0.678
S-64-L;64;LL;Pre-CBASS;Shade;Shade_LL;L;70;24;0;0.644
S-64Y-J;64Y;LL;Pre-CBASS;Shade;Shade_LL;J;70;24;0;0.673
S-64-J;64;LL;Pre-CBASS;Shade;Shade_LL;J;70;24;0;0.668
19-J;19;LL;Pre-CBASS;Control;Control_LL;J;70;24;0;0.612
S-90-J;90;LL;Pre-CBASS;Shade;Shade_LL;J;70;24;0;0.662
S-64-K;64;LL;Pre-CBASS;Shade;Shade_LL;K;70;24;0;0.684
S-90-K;90;LL;Pre-CBASS;Shade;Shade_LL;K;70;24;0;0.661
P1R2-K;P1R2;LL;Pre-CBASS;Control;Control_LL;K;70;24;0;0.686
S-P1R2-K;P1R2;LL;Pre-CBASS;Shade;Shade_LL;K;70;24;0;0.64
64Y-J;64Y;LL;Pre-CBASS;Control;Control_LL;J;70;24;0;0.68
64Y-K;64Y;LL;Pre-CBASS;Control;Control_LL;K;70;24;0;0.676
90-K;90;LL;Pre-CBASS;Control;Control_LL;K;70;24;0;0.489
P1R2-J;P1R2;LL;Pre-CBASS;Control;Control_LL;J;70;24;0;0.474
S-P1R2-J;P1R2;LL;Pre-CBASS;Shade;Shade_LL;J;70;24;0;0.668
64Y-L;64Y;LL;Pre-CBASS;Control;Control_LL;L;70;24;0;0.671
S-19-J;19;LL;Pre-CBASS;Shade;Shade_LL;J;70;24;0;0.675
P1R2-L;P1R2;LL;Pre-CBASS;Control;Control_LL;L;70;24;0;0.716
64-J;64;LL;Pre-CBASS;Control;Control_LL;J;70;24;0;0.622
64-K;64;LL;Pre-CBASS;Control;Control_LL;K;70;24;0;0.634
S-64Y-L;64Y;LL;Pre-CBASS;Shade;Shade_LL;L;70;24;0;0.661
S-19-K;19;LL;Pre-CBASS;Shade;Shade_LL;K;70;24;0;0.67
19-K;19;LL;Pre-CBASS;Control;Control_LL;K;70;24;0;0.654
19-L;19;LL;Pre-CBASS;Control;Control_LL;L;70;24;0;0.612
S-19-L;19;LL;Pre-CBASS;Shade;Shade_LL;L;70;24;0;0.654
P1R2-B;P1R2;VL;CBASS;Control;Control_VL;B;70;27;1;0.639
S-19-C;19;VL;CBASS;Shade;Shade_VL;C;70;27;1;0.62
S-90-A;90;VL;CBASS;Shade;Shade_VL;A;70;27;1;0.613
S-64Y-A;64Y;VL;CBASS;Shade;Shade_VL;A;70;27;1;0.631
64-C;64;VL;CBASS;Control;Control_VL;C;70;27;1;0.643
S-90-C;90;VL;CBASS;Shade;Shade_VL;C;70;27;1;0.639
90-C;90;VL;CBASS;Control;Control_VL;C;70;27;1;0.646
64Y-A;64Y;VL;CBASS;Control;Control_VL;A;70;27;1;0.595
S-P1R2-B;P1R2;VL;CBASS;Shade;Shade_VL;B;70;27;1;0.65
S-64Y-B;64Y;VL;CBASS;Shade;Shade_VL;B;70;27;1;0.637
19-C;19;VL;CBASS;Control;Control_VL;C;70;27;1;0.617
90-A;90;VL;CBASS;Control;Control_VL;A;70;27;1;0.594
S-90-B;90;VL;CBASS;Shade;Shade_VL;B;70;27;1;0.75
90-B;90;VL;CBASS;Control;Control_VL;B;70;27;1;0.624
S-64-C;64;VL;CBASS;Shade;Shade_VL;C;70;27;1;0.632
P1R2-A;P1R2;VL;CBASS;Control;Control_VL;A;70;27;1;0.613
S-19-A;19;VL;CBASS;Shade;Shade_VL;A;70;27;1;0.628
S-64-A;64;VL;CBASS;Shade;Shade_VL;A;70;27;1;0.629
S-64-B;64;VL;CBASS;Shade;Shade_VL;B;70;27;1;0.615
19-A;19;VL;CBASS;Control;Control_VL;A;70;27;1;0.57
64-B;64;VL;CBASS;Control;Control_VL;B;70;27;1;0.65
64Y-B;64Y;VL;CBASS;Control;Control_VL;B;70;27;1;0.645
S-P1R2-A;P1R2;VL;CBASS;Shade;Shade_VL;A;70;27;1;0.631
S-19-B;19;VL;CBASS;Shade;Shade_VL;B;70;27;1;0.633
S-64Y-C;64Y;VL;CBASS;Shade;Shade_VL;C;70;27;1;0.621
64Y-C;64Y;VL;CBASS;Control;Control_VL;C;70;27;1;0.652
P1R2-C;P1R2;VL;CBASS;Control;Control_VL;C;70;27;1;0.581
S-P1R2-C;P1R2;VL;CBASS;Shade;Shade_VL;C;70;27;1;0.625
64-A;64;VL;CBASS;Control;Control_VL;A;70;27;1;0.64
19-B;19;VL;CBASS;Control;Control_VL;B;70;27;1;0.64
S-90-F;90;VL;CBASS;Shade;Shade_VL;F;600;27;2;0.442
S-64-D;64;VL;CBASS;Shade;Shade_VL;D;600;27;2;0.476
64-E;64;VL;CBASS;Control;Control_VL;E;600;27;2;0.537
64-F;64;VL;CBASS;Control;Control_VL;F;600;27;2;0.504
90-E;90;VL;CBASS;Control;Control_VL;E;600;27;2;0.54
S-90-E;90;VL;CBASS;Shade;Shade_VL;E;600;27;2;0.425
90-D;90;VL;CBASS;Control;Control_VL;D;600;27;2;0.365
64-D;64;VL;CBASS;Control;Control_VL;D;600;27;2;0.39
64Y-E;64Y;VL;CBASS;Control;Control_VL;E;600;27;2;0.356
64Y-D;64Y;VL;CBASS;Control;Control_VL;D;600;27;2;0.494
S-64Y-E;64Y;VL;CBASS;Shade;Shade_VL;E;600;27;2;0.378
P1R2-E;P1R2;VL;CBASS;Control;Control_VL;E;600;27;2;0.487
S-19-D;19;VL;CBASS;Shade;Shade_VL;D;600;27;2;0.52
S-P1R2-E;P1R2;VL;CBASS;Shade;Shade_VL;E;600;27;2;0.446
P1R2-D;P1R2;VL;CBASS;Control;Control_VL;D;600;27;2;0.35
S-64Y-F;64Y;VL;CBASS;Shade;Shade_VL;F;600;27;2;0.451
S-64-F;64;VL;CBASS;Shade;Shade_VL;F;600;27;2;0.505
S-P1R2-D;P1R2;VL;CBASS;Shade;Shade_VL;D;600;27;2;0.475
19-F;19;VL;CBASS;Control;Control_VL;F;600;27;2;0.544
S-P1R2-F;P1R2;VL;CBASS;Shade;Shade_VL;F;600;27;2;0.566
19-D;19;VL;CBASS;Control;Control_VL;D;600;27;2;0.546
S-19-F;19;VL;CBASS;Shade;Shade_VL;F;600;27;2;0.534
S-64Y-D;64Y;VL;CBASS;Shade;Shade_VL;D;600;27;2;0.556
S-19-E;19;VL;CBASS;Shade;Shade_VL;E;600;27;2;0.4
S-64-E;64;VL;CBASS;Shade;Shade_VL;E;600;27;2;0.582
64Y-F;64Y;VL;CBASS;Control;Control_VL;F;600;27;2;0.594
P1R2-F;P1R2;VL;CBASS;Control;Control_VL;F;600;27;2;0.568
90-F;90;VL;CBASS;Control;Control_VL;F;600;27;2;0.659
19-E;19;VL;CBASS;Control;Control_VL;E;600;27;2;0.561
S-90-D;90;VL;CBASS;Shade;Shade_VL;D;600;27;2;0.554
19-H;19;VL;CBASS;Control;Control_VL;H;1100;27;3;0.421
64-H;64;VL;CBASS;Control;Control_VL;H;1100;27;3;0.525
S-64Y-I;64Y;VL;CBASS;Shade;Shade_VL;I;1100;27;3;0.342
S-64Y-H;64Y;VL;CBASS;Shade;Shade_VL;H;1100;27;3;0.2
64-G;64;VL;CBASS;Control;Control_VL;G;1100;27;3;0.478
S-90-I;90;VL;CBASS;Shade;Shade_VL;I;1100;27;3;0.39
P1R2-H;P1R2;VL;CBASS;Control;Control_VL;H;1100;27;3;0.359
S-64Y-G;64Y;VL;CBASS;Shade;Shade_VL;G;1100;27;3;0.264
P1R2-G;P1R2;VL;CBASS;Control;Control_VL;G;1100;27;3;0.626
S-P1R2-H;P1R2;VL;CBASS;Shade;Shade_VL;H;1100;27;3;0.397
S-64-G;64;VL;CBASS;Shade;Shade_VL;G;1100;27;3;0.243
90-G;90;VL;CBASS;Control;Control_VL;G;1100;27;3;0.423
64Y-H;64Y;VL;CBASS;Control;Control_VL;H;1100;27;3;0.181
64Y-I;64Y;VL;CBASS;Control;Control_VL;I;1100;27;3;0.26
19-I;19;VL;CBASS;Control;Control_VL;I;1100;27;3;0.401
90-H;90;VL;CBASS;Control;Control_VL;H;1100;27;3;0.297
19-G;19;VL;CBASS;Control;Control_VL;G;1100;27;3;0.477
S-P1R2-G;P1R2;VL;CBASS;Shade;Shade_VL;G;1100;27;3;0.34
S-19-G;19;VL;CBASS;Shade;Shade_VL;G;1100;27;3;0.266
P1R2-I;P1R2;VL;CBASS;Control;Control_VL;I;1100;27;3;0.473
90-I;90;VL;CBASS;Control;Control_VL;I;1100;27;3;0.331
S-P1R2-I;P1R2;VL;CBASS;Shade;Shade_VL;I;1100;27;3;0.407
S-19-H;19;VL;CBASS;Shade;Shade_VL;H;1100;27;3;0.257
S-64-I;64;VL;CBASS;Shade;Shade_VL;I;1100;27;3;0.34
64Y-G;64Y;VL;CBASS;Control;Control_VL;G;1100;27;3;0.495
64-I;64;VL;CBASS;Control;Control_VL;I;1100;27;3;0.507
S-90-H;90;VL;CBASS;Shade;Shade_VL;H;1100;27;3;0.441
S-90-G;90;VL;CBASS;Shade;Shade_VL;G;1100;27;3;0.421
S-19-I;19;VL;CBASS;Shade;Shade_VL;I;1100;27;3;0.346
S-64-H;64;VL;CBASS;Shade;Shade_VL;H;1100;27;3;0.36
S-19-L;19;VL;CBASS;Shade;Shade_VL;L;1500;27;4;0.184
90-J;90;VL;CBASS;Control;Control_VL;J;1500;27;4;0.368
S-90-K;90;VL;CBASS;Shade;Shade_VL;K;1500;27;4;0.172
S-90-J;90;VL;CBASS;Shade;Shade_VL;J;1500;27;4;0.271
S-P1R2-J;P1R2;VL;CBASS;Shade;Shade_VL;J;1500;27;4;0.288
P1R2-L;P1R2;VL;CBASS;Control;Control_VL;L;1500;27;4;0.377
19-J;19;VL;CBASS;Control;Control_VL;J;1500;27;4;0.064
S-64-J;64;VL;CBASS;Shade;Shade_VL;J;1500;27;4;0.171
19-K;19;VL;CBASS;Control;Control_VL;K;1500;27;4;0.187
S-90-L;90;VL;CBASS;Shade;Shade_VL;L;1500;27;4;0.142
S-P1R2-K;P1R2;VL;CBASS;Shade;Shade_VL;K;1500;27;4;0.236
P1R2-J;P1R2;VL;CBASS;Control;Control_VL;J;1500;27;4;0.218
64Y-K;64Y;VL;CBASS;Control;Control_VL;K;1500;27;4;0.299
64Y-L;64Y;VL;CBASS;Control;Control_VL;L;1500;27;4;0.292
S-19-J;19;VL;CBASS;Shade;Shade_VL;J;1500;27;4;0.162
64-L;64;VL;CBASS;Control;Control_VL;L;1500;27;4;0.228
S-19-K;19;VL;CBASS;Shade;Shade_VL;K;1500;27;4;0.162
90-K;90;VL;CBASS;Control;Control_VL;K;1500;27;4;0.207
S-64-K;64;VL;CBASS;Shade;Shade_VL;K;1500;27;4;0.256
64-J;64;VL;CBASS;Control;Control_VL;J;1500;27;4;0.374
S-64-L;64;VL;CBASS;Shade;Shade_VL;L;1500;27;4;0.205
64-K;64;VL;CBASS;Control;Control_VL;K;1500;27;4;0.226
90-L;90;VL;CBASS;Control;Control_VL;L;1500;27;4;0.254
S-64Y-L;64Y;VL;CBASS;Shade;Shade_VL;L;1500;27;4;0.123
S-64Y-J;64Y;VL;CBASS;Shade;Shade_VL;J;1500;27;4;0.171
P1R2-K;P1R2;VL;CBASS;Control;Control_VL;K;1500;27;4;0.214
19-L;19;VL;CBASS;Control;Control_VL;L;1500;27;4;0.305
S-P1R2-L;P1R2;VL;CBASS;Shade;Shade_VL;L;1500;27;4;0.277
S-64Y-K;64Y;VL;CBASS;Shade;Shade_VL;K;1500;27;4;0.089
64Y-J;64Y;VL;CBASS;Control;Control_VL;J;1500;27;4;0.272
P1R2-B;P1R2;VL;Pre-CBASS;Control;Control_VL;B;70;24;0;0.667
S-19-C;19;VL;Pre-CBASS;Shade;Shade_VL;C;70;24;0;0.636
S-90-A;90;VL;Pre-CBASS;Shade;Shade_VL;A;70;24;0;0.701
S-64Y-A;64Y;VL;Pre-CBASS;Shade;Shade_VL;A;70;24;0;0.697
64-C;64;VL;Pre-CBASS;Control;Control_VL;C;70;24;0;0.622
S-90-C;90;VL;Pre-CBASS;Shade;Shade_VL;C;70;24;0;0.697
90-C;90;VL;Pre-CBASS;Control;Control_VL;C;70;24;0;0.66
64Y-A;64Y;VL;Pre-CBASS;Control;Control_VL;A;70;24;0;0.548
S-P1R2-B;P1R2;VL;Pre-CBASS;Shade;Shade_VL;B;70;24;0;0.663
S-64Y-B;64Y;VL;Pre-CBASS;Shade;Shade_VL;B;70;24;0;0.645
19-C;19;VL;Pre-CBASS;Control;Control_VL;C;70;24;0;0.658
90-A;90;VL;Pre-CBASS;Control;Control_VL;A;70;24;0;0.631
S-90-B;90;VL;Pre-CBASS;Shade;Shade_VL;B;70;24;0;0.686
90-B;90;VL;Pre-CBASS;Control;Control_VL;B;70;24;0;0.623
S-64-C;64;VL;Pre-CBASS;Shade;Shade_VL;C;70;24;0;0.646
P1R2-A;P1R2;VL;Pre-CBASS;Control;Control_VL;A;70;24;0;0.56
S-19-A;19;VL;Pre-CBASS;Shade;Shade_VL;A;70;24;0;0.69
S-64-A;64;VL;Pre-CBASS;Shade;Shade_VL;A;70;24;0;0.637
S-64-B;64;VL;Pre-CBASS;Shade;Shade_VL;B;70;24;0;0.649
19-A;19;VL;Pre-CBASS;Control;Control_VL;A;70;24;0;0.593
64-B;64;VL;Pre-CBASS;Control;Control_VL;B;70;24;0;0.663
64Y-B;64Y;VL;Pre-CBASS;Control;Control_VL;B;70;24;0;0.617
S-P1R2-A;P1R2;VL;Pre-CBASS;Shade;Shade_VL;A;70;24;0;0.662
S-19-B;19;VL;Pre-CBASS;Shade;Shade_VL;B;70;24;0;0.653
S-64Y-C;64Y;VL;Pre-CBASS;Shade;Shade_VL;C;70;24;0;0.667
64Y-C;64Y;VL;Pre-CBASS;Control;Control_VL;C;70;24;0;0.688
P1R2-C;P1R2;VL;Pre-CBASS;Control;Control_VL;C;70;24;0;0.494
S-P1R2-C;P1R2;VL;Pre-CBASS;Shade;Shade_VL;C;70;24;0;0.73
64-A;64;VL;Pre-CBASS;Control;Control_VL;A;70;24;0;0.652
19-B;19;VL;Pre-CBASS;Control;Control_VL;B;70;24;0;0.698
S-90-F;90;VL;Pre-CBASS;Shade;Shade_VL;F;600;24;0;0.688
S-64-D;64;VL;Pre-CBASS;Shade;Shade_VL;D;600;24;0;0.647
64-E;64;VL;Pre-CBASS;Control;Control_VL;E;600;24;0;0.658
64-F;64;VL;Pre-CBASS;Control;Control_VL;F;600;24;0;0.698
90-E;90;VL;Pre-CBASS;Control;Control_VL;E;600;24;0;0.688
S-90-E;90;VL;Pre-CBASS;Shade;Shade_VL;E;600;24;0;0.644
90-D;90;VL;Pre-CBASS;Control;Control_VL;D;600;24;0;0.696
64-D;64;VL;Pre-CBASS;Control;Control_VL;D;600;24;0;0.692
64Y-E;64Y;VL;Pre-CBASS;Control;Control_VL;E;600;24;0;0.565
64Y-D;64Y;VL;Pre-CBASS;Control;Control_VL;D;600;24;0;0.659
S-64Y-E;64Y;VL;Pre-CBASS;Shade;Shade_VL;E;600;24;0;0.696
P1R2-E;P1R2;VL;Pre-CBASS;Control;Control_VL;E;600;24;0;0.547
S-19-D;19;VL;Pre-CBASS;Shade;Shade_VL;D;600;24;0;0.65
S-P1R2-E;P1R2;VL;Pre-CBASS;Shade;Shade_VL;E;600;24;0;0.643
P1R2-D;P1R2;VL;Pre-CBASS;Control;Control_VL;D;600;24;0;0.607
S-64Y-F;64Y;VL;Pre-CBASS;Shade;Shade_VL;F;600;24;0;0.677
S-64-F;64;VL;Pre-CBASS;Shade;Shade_VL;F;600;24;0;0.673
S-P1R2-D;P1R2;VL;Pre-CBASS;Shade;Shade_VL;D;600;24;0;0.666
19-F;19;VL;Pre-CBASS;Control;Control_VL;F;600;24;0;0.537
S-P1R2-F;P1R2;VL;Pre-CBASS;Shade;Shade_VL;F;600;24;0;0.658
19-D;19;VL;Pre-CBASS;Control;Control_VL;D;600;24;0;0.474
S-19-F;19;VL;Pre-CBASS;Shade;Shade_VL;F;600;24;0;0.649
S-64Y-D;64Y;VL;Pre-CBASS;Shade;Shade_VL;D;600;24;0;0.65
S-19-E;19;VL;Pre-CBASS;Shade;Shade_VL;E;600;24;0;0.655
S-64-E;64;VL;Pre-CBASS;Shade;Shade_VL;E;600;24;0;0.667
64Y-F;64Y;VL;Pre-CBASS;Control;Control_VL;F;600;24;0;0.616
P1R2-F;P1R2;VL;Pre-CBASS;Control;Control_VL;F;600;24;0;0.63
90-F;90;VL;Pre-CBASS;Control;Control_VL;F;600;24;0;0.68
19-E;19;VL;Pre-CBASS;Control;Control_VL;E;600;24;0;0.697
S-90-D;90;VL;Pre-CBASS;Shade;Shade_VL;D;600;24;0;0.651
19-H;19;VL;Pre-CBASS;Control;Control_VL;H;1100;24;0;0.603
64-H;64;VL;Pre-CBASS;Control;Control_VL;H;1100;24;0;0.547
S-64Y-I;64Y;VL;Pre-CBASS;Shade;Shade_VL;I;1100;24;0;0.667
S-64Y-H;64Y;VL;Pre-CBASS;Shade;Shade_VL;H;1100;24;0;0.654
64-G;64;VL;Pre-CBASS;Control;Control_VL;G;1100;24;0;0.659
S-90-I;90;VL;Pre-CBASS;Shade;Shade_VL;I;1100;24;0;0.7
P1R2-H;P1R2;VL;Pre-CBASS;Control;Control_VL;H;1100;24;0;0.545
S-64Y-G;64Y;VL;Pre-CBASS;Shade;Shade_VL;G;1100;24;0;0.658
P1R2-G;P1R2;VL;Pre-CBASS;Control;Control_VL;G;1100;24;0;0.674
S-P1R2-H;P1R2;VL;Pre-CBASS;Shade;Shade_VL;H;1100;24;0;0.646
S-64-G;64;VL;Pre-CBASS;Shade;Shade_VL;G;1100;24;0;0.647
90-G;90;VL;Pre-CBASS;Control;Control_VL;G;1100;24;0;0.657
64Y-H;64Y;VL;Pre-CBASS;Control;Control_VL;H;1100;24;0;0.701
64Y-I;64Y;VL;Pre-CBASS;Control;Control_VL;I;1100;24;0;0.634
19-I;19;VL;Pre-CBASS;Control;Control_VL;I;1100;24;0;0.658
90-H;90;VL;Pre-CBASS;Control;Control_VL;H;1100;24;0;0.692
19-G;19;VL;Pre-CBASS;Control;Control_VL;G;1100;24;0;0.592
S-P1R2-G;P1R2;VL;Pre-CBASS;Shade;Shade_VL;G;1100;24;0;0.623
S-19-G;19;VL;Pre-CBASS;Shade;Shade_VL;G;1100;24;0;0.669
P1R2-I;P1R2;VL;Pre-CBASS;Control;Control_VL;I;1100;24;0;0.586
90-I;90;VL;Pre-CBASS;Control;Control_VL;I;1100;24;0;0.697
S-P1R2-I;P1R2;VL;Pre-CBASS;Shade;Shade_VL;I;1100;24;0;0.639
S-19-H;19;VL;Pre-CBASS;Shade;Shade_VL;H;1100;24;0;0.631
S-64-I;64;VL;Pre-CBASS;Shade;Shade_VL;I;1100;24;0;0.645
64Y-G;64Y;VL;Pre-CBASS;Control;Control_VL;G;1100;24;0;0.582
64-I;64;VL;Pre-CBASS;Control;Control_VL;I;1100;24;0;0.673
S-90-H;90;VL;Pre-CBASS;Shade;Shade_VL;H;1100;24;0;0.649
S-90-G;90;VL;Pre-CBASS;Shade;Shade_VL;G;1100;24;0;0.7
S-19-I;19;VL;Pre-CBASS;Shade;Shade_VL;I;1100;24;0;0.665
S-64-H;64;VL;Pre-CBASS;Shade;Shade_VL;H;1100;24;0;0.641
S-19-L;19;VL;Pre-CBASS;Shade;Shade_VL;L;1500;24;0;0.672
90-J;90;VL;Pre-CBASS;Control;Control_VL;J;1500;24;0;0.698
S-90-K;90;VL;Pre-CBASS;Shade;Shade_VL;K;1500;24;0;0.688
S-90-J;90;VL;Pre-CBASS;Shade;Shade_VL;J;1500;24;0;0.644
S-P1R2-J;P1R2;VL;Pre-CBASS;Shade;Shade_VL;J;1500;24;0;0.644
P1R2-L;P1R2;VL;Pre-CBASS;Control;Control_VL;L;1500;24;0;0.537
19-J;19;VL;Pre-CBASS;Control;Control_VL;J;1500;24;0;0.639
S-64-J;64;VL;Pre-CBASS;Shade;Shade_VL;J;1500;24;0;0.66
19-K;19;VL;Pre-CBASS;Control;Control_VL;K;1500;24;0;0.686
S-90-L;90;VL;Pre-CBASS;Shade;Shade_VL;L;1500;24;0;0.693
S-P1R2-K;P1R2;VL;Pre-CBASS;Shade;Shade_VL;K;1500;24;0;0.634
P1R2-J;P1R2;VL;Pre-CBASS;Control;Control_VL;J;1500;24;0;0.708
64Y-K;64Y;VL;Pre-CBASS;Control;Control_VL;K;1500;24;0;0.604
64Y-L;64Y;VL;Pre-CBASS;Control;Control_VL;L;1500;24;0;0.708
S-19-J;19;VL;Pre-CBASS;Shade;Shade_VL;J;1500;24;0;0.668
64-L;64;VL;Pre-CBASS;Control;Control_VL;L;1500;24;0;0.698
S-19-K;19;VL;Pre-CBASS;Shade;Shade_VL;K;1500;24;0;0.67
90-K;90;VL;Pre-CBASS;Control;Control_VL;K;1500;24;0;0.668
S-64-K;64;VL;Pre-CBASS;Shade;Shade_VL;K;1500;24;0;0.647
64-J;64;VL;Pre-CBASS;Control;Control_VL;J;1500;24;0;0.644
S-64-L;64;VL;Pre-CBASS;Shade;Shade_VL;L;1500;24;0;0.647
64-K;64;VL;Pre-CBASS;Control;Control_VL;K;1500;24;0;0.693
90-L;90;VL;Pre-CBASS;Control;Control_VL;L;1500;24;0;0.682
S-64Y-L;64Y;VL;Pre-CBASS;Shade;Shade_VL;L;1500;24;0;0.686
S-64Y-J;64Y;VL;Pre-CBASS;Shade;Shade_VL;J;1500;24;0;0.687
P1R2-K;P1R2;VL;Pre-CBASS;Control;Control_VL;K;1500;24;0;0.703
19-L;19;VL;Pre-CBASS;Control;Control_VL;L;1500;24;0;0.682
S-P1R2-L;P1R2;VL;Pre-CBASS;Shade;Shade_VL;L;1500;24;0;0.663
S-64Y-K;64Y;VL;Pre-CBASS;Shade;Shade_VL;K;1500;24;0;0.701
64Y-J;64Y;VL;Pre-CBASS;Control;Control_VL;J;1500;24;0;0.668
